{
	"ImportPath": "github.com/ThomasJones4/zengge-lightcontrol",
	"GoVersion": "go1.5.1",
	"Deps": [
		{
			"ImportPath": "github.com/cpuguy83/go-md2man/md2man",
			"Comment": "v1.0.4",
			"Rev": "71acacd42f85e5e82f70a55327789582a5200a90"
		},
		{
			"ImportPath": "github.com/inconshreveable/mousetrap",
			"Rev": "76626ae9c91c4f2a10f34cad8ce83ea42c93bb75"
		},
		{
			"ImportPath": "github.com/russross/blackfriday",
			"Comment": "v1.4-2-g300106c",
			"Rev": "300106c228d52c8941d4b3de6054a6062a86dda3"
		},
		{
			"ImportPath": "github.com/shurcooL/sanitized_anchor_name",
			"Rev": "10ef21a441db47d8b13ebcc5fd2310f636973c77"
		},
		{
			"ImportPath": "github.com/spf13/cobra",
			"Rev": "1c44ec8d3f1552cac48999f9306da23c4d8a288b"
		},
		{
			"ImportPath": "github.com/spf13/pflag",
			"Rev": "08b1a584251b5b62f458943640fc8ebd4d50aaa5"
		}
	]
}
